1,4
2,5
3,8
4,7
5,1
6,6
7,3
8,2
9,15
10,11
11,10
12,13
13,12
14,16
15,14
16,9
17,17
18,25
19,30
20,24
21,27
22,26
23,29
24,28
25,23
26,19
27,21
28,22
29,20
30,18
31,36
32,34
33,37
34,31
35,35
36,33
37,32
38,39
39,42
40,43
41,38
42,41
43,40
44,44
45,48
46,45
47,47
48,46
49,56
50,52
51,55
52,49
53,54
54,51
55,53
56,50
57,57
58,59
59,62
60,58
61,61
62,60
63,63
64,66
65,69
66,70
67,64
68,67
69,68
70,65
71,73
72,74
73,71
74,75
75,72
76,77
77,81
78,78
79,80
80,79
81,76
82,87
83,84
84,88
85,83
86,86
87,85
88,82
89,90
90,94
91,91
92,92
93,93
94,89
95,95
96,99
97,97
98,96
99,98
100,100
101,104
102,105
103,103
104,102
105,106
106,101
107,108
108,110
109,112
110,107
111,111
112,109
113,115
114,117
115,113
116,118
117,114
118,116
119,120
120,123
121,119
122,121
123,122
124,125
125,124
126,132
127,128
128,126
129,130
130,129
131,131
132,127
133,139
134,134
135,137
136,138
137,133
138,136
139,135
140,140
141,148
142,143
143,146
144,141
145,145
146,142
147,144
148,147
149,156
150,152
151,151
152,155
153,149
154,154
155,150
156,153
157,159
158,164
159,160
160,162
161,157
162,161
163,158
164,163
165,167
166,168
167,172
168,165
169,169
170,166
171,171
172,170
173,174
174,177
175,173
176,176
177,178
178,175
179,184
180,179
181,183
182,180
183,182
184,181
185,185
186,187
187,189
188,191
189,186
190,190
191,188
192,193
193,196
194,192
195,195
196,194
197,199
198,200
199,205
200,202
201,204
202,198
203,197
204,201
205,203
206,209
207,213
208,212
209,206
210,210
211,208
212,211
213,207
214,215
215,217
216,221
217,214
218,216
219,218
220,220
221,222
222,219
223,223
224,227
225,228
226,230
227,225
228,224
229,226
230,229
231,232
232,235
233,231
234,234
235,233
236,237
237,240
238,241
239,236
240,239
241,238
242,242
243,244
244,243
245,247
246,249
247,248
248,245
249,246
250,252
251,251
252,255
253,256
254,250
255,254
256,253
257,258
258,259
259,262
260,257
261,261
262,260
263,268
264,269
265,266
266,271
267,272
268,264
269,263
270,265
271,267
272,270
273,277
274,275
275,278
276,280
277,279
278,273
279,274
280,276
281,281
282,287
283,283
284,284
285,285
286,288
287,286
288,282
289,295
290,294
291,291
292,298
293,297
294,290
295,296
296,289
297,292
298,293
299,299
300,307
301,300
302,304
303,301
304,303
305,302
306,306
307,305
308,308
309,312
310,313
311,314
312,316
313,309
314,311
315,315
316,310
317,317
318,319
319,322
320,318
321,321
322,320
323,324
324,327
325,325
326,323
327,326
328,328
329,332
330,334
331,330
332,329
333,333
334,331
335,336
336,339
337,338
338,335
339,340
340,337
341,343
342,344
343,345
344,341
345,346
346,342
347,347
348,353
349,352
350,349
351,350
352,355
353,348
354,351
355,354
356,359
357,360
358,356
359,361
360,358
361,357
362,365
363,364
364,363
365,362
366,366
367,367
368,369
369,371
370,375
371,373
372,374
373,368
374,372
375,370
376,378
377,380
378,376
379,382
380,377
381,381
382,379
383,383
384,385
385,387
386,388
387,384
388,389
389,386
390,394
391,395
392,390
393,393
394,392
395,391
396,397
397,399
398,401
399,396
400,400
401,398
402,406
403,407
404,402
405,409
406,410
407,403
408,408
409,405
410,404
411,414
412,413
413,411
414,415
415,412
416,417
417,420
418,422
419,416
420,419
421,421
422,418
423,423
424,430
425,426
426,427
427,429
428,424
429,428
430,425
431,438
432,433
433,435
434,434
435,431
436,436
437,432
438,437
439,441
440,442
441,439
442,443
443,440
444,444
445,447
446,448
447,445
448,449
449,446
450,450
451,454
452,455
453,451
454,453
455,452
456,457
457,459
458,456
459,460
460,458
461,462
462,464
463,467
464,468
465,461
466,465
467,463
468,466
469,472
470,473
471,475
472,469
473,474
474,470
475,471
476,477
477,481
478,479
479,476
480,480
481,478
482,485
483,484
484,482
485,486
486,483
487,487
488,489
489,493
490,491
491,494
492,490
493,492
494,488
495,496
496,499
497,500
498,495
499,498
500,497
501,501
502,507
503,503
504,506
505,502
506,505
507,504
508,508
509,510
510,513
511,515
512,514
513,509
514,512
515,511
516,519
517,520
518,522
519,524
520,517
521,516
522,521
523,518
524,525
525,523
526,528
527,534
528,529
529,530
530,526
531,531
532,527
533,532
534,533
535,539
536,537
537,542
538,538
539,536
540,535
541,541
542,540
543,543
544,547
545,548
546,544
547,546
548,545
549,550
550,554
551,555
552,551
553,549
554,556
555,553
556,552
557,558
558,559
559,565
560,564
561,562
562,557
563,560
564,561
565,563
566,574
567,576
568,573
569,575
570,578
571,577
572,567
573,568
574,572
575,566
576,570
577,569
578,571
579,579
580,584
581,583
582,581
583,582
584,580
585,587
586,590
587,589
588,585
589,591
590,588
591,586
592,592
593,596
594,597
595,593
596,595
597,594
598,598
599,599
600,603
601,605
602,600
603,602
604,601
605,606
606,604
607,607
608,610
609,608
610,611
611,609
612,613
613,614
614,616
615,612
616,615
617,617
618,620
619,618
620,625
621,619
622,622
623,623
624,621
625,624
626,628
627,626
628,627
629,630
630,631
631,629
632,634
633,633
634,638
635,636
636,632
637,635
638,637
639,641
640,640
641,644
642,639
643,643
644,642
645,646
646,645
647,649
648,648
649,647
650,651
651,650
652,652
653,656
654,654
655,653
656,657
657,655
658,658
659,659
660,663
661,660
662,662
663,661
664,669
665,664
666,668
667,665
668,667
669,666
670,670
671,674
672,675
673,671
674,673
675,672
676,676
677,677
678,683
679,681
680,678
681,680
682,679
683,682
684,685
685,688
686,689
687,684
688,687
689,686
690,690
691,692
692,695
693,696
694,691
695,694
696,693
697,699
698,701
699,703
700,702
701,704
702,697
703,698
704,700
705,706
706,708
707,705
708,710
709,707
710,709
711,712
712,715
713,718
714,717
715,711
716,716
717,713
718,714
719,727
720,720
721,726
722,722
723,725
724,719
725,723
726,721
727,724
728,735
729,729
730,731
731,733
732,728
733,732
734,730
735,734
736,738
737,741
738,737
739,740
740,736
741,739
742,742
743,743
744,747
745,749
746,744
747,748
748,745
749,746
750,756
751,754
752,752
753,750
754,753
755,755
756,751
757,758
758,760
759,757
760,761
761,759
762,763
763,762
764,765
765,768
766,764
767,767
768,769
769,766
770,770
771,774
772,773
773,776
774,777
775,771
776,772
777,775
778,779
779,781
780,778
781,782
782,780
783,784
784,786
785,783
786,787
787,785
788,788
789,793
790,792
791,789
792,790
793,794
794,791
795,795
796,797
797,801
798,796
799,800
800,799
801,798
802,804
803,803
804,802
805,807
806,806
807,805
808,810
809,812
810,816
811,815
812,814
813,808
814,813
815,809
816,811
817,818
818,821
819,824
820,822
821,817
822,820
823,819
824,823
825,831
826,826
827,829
828,827
829,825
830,828
831,832
832,830
833,833
834,836
835,835
836,837
837,834
838,840
839,838
840,843
841,841
842,842
843,839
844,845
845,844
846,846
847,850
848,851
849,847
850,848
851,849
852,852
853,855
854,857
855,858
856,853
857,856
858,854
859,863
860,864
861,861
862,860
863,859
864,862
865,865
866,872
867,867
868,869
869,866
870,870
871,868
872,873
873,871
874,875
875,878
876,880
877,876
878,874
879,877
880,879
881,882
882,885
883,889
884,886
885,884
886,881
887,887
888,883
889,888
890,891
891,894
892,896
893,890
894,892
895,893
896,895
897,898
898,899
899,901
900,900
901,897
902,903
903,906
904,908
905,905
906,902
907,904
908,907
909,917
910,919
911,916
912,920
913,918
914,921
915,925
916,926
917,922
918,924
919,923
920,910
921,912
922,914
923,909
924,913
925,911
926,915
927,928
928,931
929,932
930,930
931,927
932,929
933,933
934,937
935,935
936,934
937,938
938,936
939,940
940,943
941,944
942,942
943,939
944,941
945,946
946,948
947,951
948,945
949,949
950,947
951,950
952,955
953,953
954,954
955,952
956,956
957,963
958,957
959,961
960,962
961,960
962,958
963,959
964,965
965,964
966,967
967,969
968,976
969,974
970,975
971,966
972,968
973,970
974,972
975,973
976,971
977,980
978,981
979,977
980,979
981,978
982,982
983,990
984,984
985,987
986,991
987,988
988,985
989,986
990,983
991,989
992,995
993,994
994,997
995,998
996,992
997,993
998,996
999,1000
1000,1004
1001,1005
1002,999
1003,1003
1004,1002
1005,1001
1006,1007
1007,1011
1008,1006
1009,1010
1010,1009
1011,1008
1012,1019
1013,1015
1014,1012
1015,1017
1016,1014
1017,1018
1018,1016
1019,1013
1020,1025
1021,1021
1022,1024
1023,1020
1024,1023
1025,1022
1026,1027
1027,1029
1028,1026
1029,1030
1030,1028
1031,1031
1032,1033
1033,1037
1034,1036
1035,1032
1036,1035
1037,1034
1038,1038
1039,1040
1040,1042
1041,1044
1042,1039
1043,1043
1044,1041
1045,1047
1046,1048
1047,1045
1048,1049
1049,1046
1050,1051
1051,1050
1052,1053
1053,1055
1054,1057
1055,1052
1056,1056
1057,1054
1058,1059
1059,1062
1060,1066
1061,1065
1062,1058
1063,1061
1064,1060
1065,1064
1066,1063
1067,1073
1068,1069
1069,1067
1070,1071
1071,1070
1072,1072
1073,1074
1074,1068
1075,1077
1076,1078
1077,1081
1078,1080
1079,1075
1080,1079
1081,1076
1082,1082
1083,1084
1084,1086
1085,1090
1086,1083
1087,1088
1088,1085
1089,1089
1090,1087
1091,1092
1092,1095
1093,1096
1094,1091
1095,1094
1096,1098
1097,1093
1098,1097
1099,1100
1100,1102
1101,1099
1102,1103
1103,1101
1104,1104
1105,1108
1106,1110
1107,1105
1108,1106
1109,1107
1110,1109
1111,1112
1112,1113
1113,1117
1114,1111
1115,1114
1116,1115
1117,1118
1118,1116
1119,1122
1120,1119
1121,1124
1122,1121
1123,1123
1124,1120
1125,1127
1126,1128
1127,1130
1128,1125
1129,1129
1130,1126
1131,1132
1132,1134
1133,1131
1134,1135
1135,1133
1136,1137
1137,1139
1138,1136
1139,1140
1140,1138
1141,1141
1142,1145
1143,1142
1144,1144
1145,1143
1146,1147
1147,1149
1148,1146
1149,1150
1150,1148
1151,1161
1152,1162
1153,1164
1154,1158
1155,1163
1156,1159
1157,1160
1158,1152
1159,1155
1160,1156
1161,1151
1162,1154
1163,1153
1164,1157
1165,1168
1166,1169
1167,1165
1168,1166
1169,1170
1170,1167
1171,1172
1172,1175
1173,1173
1174,1171
1175,1174
1176,1176
1177,1178
1178,1180
1179,1177
1180,1181
1181,1179
1182,1182
1183,1183
1184,1189
1185,1185
1186,1187
1187,1184
1188,1188
1189,1186
1190,1194
1191,1191
1192,1193
1193,1190
1194,1196
1195,1197
1196,1192
1197,1198
1198,1195
1199,1200
1200,1203
1201,1202
1202,1199
1203,1201
1204,1206
1205,1211
1206,1207
1207,1212
1208,1209
1209,1210
1210,1213
1211,1204
1212,1208
1213,1205
1214,1214
1215,1215
1216,1219
1217,1216
1218,1218
1219,1217
1220,1220
1221,1222
1222,1224
1223,1226
1224,1228
1225,1221
1226,1225
1227,1223
1228,1227
1229,1231
1230,1230
1231,1234
1232,1229
1233,1232
1234,1233
1235,1235
1236,1241
1237,1237
1238,1239
1239,1238
1240,1240
1241,1236
1242,1242
1243,1244
1244,1246
1245,1245
1246,1248
1247,1247
1248,1243
1249,1254
1250,1253
1251,1258
1252,1250
1253,1251
1254,1252
1255,1256
1256,1249
1257,1255
1258,1257
1259,1261
1260,1265
1261,1267
1262,1259
1263,1262
1264,1263
1265,1266
1266,1264
1267,1260
1268,1269
1269,1272
1270,1273
1271,1268
1272,1271
1273,1270
1274,1277
1275,1278
1276,1280
1277,1275
1278,1279
1279,1274
1280,1276
1281,1282
1282,1284
1283,1288
1284,1281
1285,1283
1286,1285
1287,1287
1288,1286
1289,1290
1290,1291
1291,1295
1292,1289
1293,1294
1294,1292
1295,1296
1296,1293
1297,1298
1298,1299
1299,1304
1300,1306
1301,1308
1302,1303
1303,1307
1304,1297
1305,1301
1306,1302
1307,1305
1308,1300
1309,1310
1310,1312
1311,1309
1312,1311
1313,1313
1314,1316
1315,1318
1316,1317
1317,1314
1318,1319
1319,1315
1320,1321
1321,1320
1322,1326
1323,1324
1324,1325
1325,1323
1326,1322
1327,1333
1328,1338
1329,1336
1330,1337
1331,1335
1332,1334
1333,1342
1334,1341
1335,1340
1336,1346
1337,1345
1338,1339
1339,1344
1340,1343
1341,1347
1342,1351
1343,1352
1344,1350
1345,1348
1346,1349
1347,1353
1348,1356
1349,1354
1350,1359
1351,1357
1352,1360
1353,1358
1354,1355
1355,1361
1356,1372
1357,1374
1358,1376
1359,1368
1360,1375
1361,1369
1362,1370
1363,1371
1364,1373
1365,1379
1366,1385
1367,1377
1368,1382
1369,1384
1370,1380
1371,1383
1372,1381
1373,1378
1374,1386
1375,1390
1376,1391
1377,1387
1378,1388
1379,1392
1380,1389
1381,1394
1382,1396
1383,1398
1384,1399
1385,1400
1386,1393
1387,1397
1388,1395
1389,1401
1390,1405
1391,1402
1392,1403
1393,1404
1394,1406
1395,1408
1396,1410
1397,1413
1398,1412
1399,1414
1400,1407
1401,1411
1402,1409
1403,1328
1404,1331
1405,1330
1406,1327
1407,1329
1408,1332
1409,1363
1410,1366
1411,1367
1412,1364
1413,1362
1414,1365
1415,1418
1416,1421
1417,1415
1418,1420
1419,1419
1420,1417
1421,1416
1422,1430
1423,1426
1424,1431
1425,1428
1426,1422
1427,1425
1428,1427
1429,1429
1430,1424
1431,1423
1432,1439
1433,1435
1434,1438
1435,1441
1436,1432
1437,1436
1438,1437
1439,1440
1440,1434
1441,1433
1442,1444
1443,1449
1444,1442
1445,1446
1446,1447
1447,1448
1448,1445
1449,1443
1450,1453
1451,1456
1452,1457
1453,1452
1454,1450
1455,1454
1456,1455
1457,1458
1458,1451
1459,1466
1460,1460
1461,1461
1462,1464
1463,1459
1464,1463
1465,1462
1466,1465
1467,1469
1468,1470
1469,1472
1470,1467
1471,1471
1472,1468
1473,1474
1474,1476
1475,1481
1476,1480
1477,1479
1478,1473
1479,1477
1480,1475
1481,1478
1482,1483
1483,1486
1484,1489
1485,1490
1486,1484
1487,1482
1488,1487
1489,1485
1490,1488
1491,1492
1492,1494
1493,1496
1494,1491
1495,1495
1496,1493
1497,1497
1498,1498
1499,1502
1500,1501
1501,1503
1502,1499
1503,1500
1504,1505
1505,1508
1506,1506
1507,1504
1508,1507
1509,1510
1510,1509
1511,1512
1512,1514
1513,1516
1514,1511
1515,1515
1516,1513
1517,1519
1518,1520
1519,1523
1520,1517
1521,1521
1522,1518
1523,1522
1524,1525
1525,1528
1526,1527
1527,1524
1528,1526
1529,1529
1530,1531
1531,1532
1532,1535
1533,1536
1534,1530
1535,1534
1536,1533
1537,1544
1538,1537
1539,1541
1540,1543
1541,1542
1542,1538
1543,1539
1544,1540
1545,1552
1546,1547
1547,1551
1548,1545
1549,1550
1550,1548
1551,1549
1552,1546
1553,1553
1554,1557
1555,1558
1556,1554
1557,1555
1558,1556
1559,1559
1560,1560
1561,1564
1562,1565
1563,1562
1564,1561
1565,1563
1566,1571
1567,1566
1568,1569
1569,1567
1570,1570
1571,1568
1572,1573
1573,1575
1574,1580
1575,1579
1576,1581
1577,1578
1578,1572
1579,1577
1580,1574
1581,1576
1582,1584
1583,1587
1584,1586
1585,1582
1586,1585
1587,1583
1588,1589
1589,1591
1590,1588
1591,1592
1592,1590
1593,1594
1594,1596
1595,1600
1596,1593
1597,1595
1598,1599
1599,1597
1600,1598
1601,1602
1602,1604
1603,1607
1604,1608
1605,1601
1606,1605
1607,1603
1608,1606
1609,1610
1610,1612
1611,1609
1612,1613
1613,1611
1614,1614
1615,1621
1616,1622
1617,1617
1618,1619
1619,1618
1620,1616
1621,1615
1622,1620
1623,1624
1624,1627
1625,1629
1626,1628
1627,1626
1628,1623
1629,1625
1630,1636
1631,1630
1632,1635
1633,1633
1634,1631
1635,1634
1636,1632
1637,1637
1638,1641
1639,1638
1640,1640
1641,1639
1642,1642
1643,1646
1644,1647
1645,1649
1646,1643
1647,1645
1648,1644
1649,1648
1650,1651
1651,1653
1652,1655
1653,1650
1654,1654
1655,1652
1656,1662
1657,1657
1658,1659
1659,1661
1660,1656
1661,1660
1662,1658
1663,1663
1664,1668
1665,1670
1666,1664
1667,1669
1668,1667
1669,1666
1670,1665
1671,1677
1672,1675
1673,1671
1674,1676
1675,1674
1676,1673
1677,1672
1678,1684
1679,1686
1680,1682
1681,1678
1682,1683
1683,1681
1684,1680
1685,1679
1686,1685
1687,1694
1688,1691
1689,1687
1690,1692
1691,1690
1692,1689
1693,1688
1694,1693
1695,1701
1696,1699
1697,1695
1698,1700
1699,1698
1700,1697
1701,1696
1702,1706
1703,1708
1704,1702
1705,1707
1706,1705
1707,1704
1708,1703
1709,1710
1710,1713
1711,1712
1712,1709
1713,1711
1714,1717
1715,1714
1716,1718
1717,1716
1718,1715
1719,1720
1720,1723
1721,1726
1722,1719
1723,1722
1724,1721
1725,1725
1726,1724
1727,1727
1728,1731
1729,1730
1730,1728
1731,1729
1732,1732
1733,1733
1734,1737
1735,1738
1736,1734
1737,1736
1738,1735
1739,1739
1740,1742
1741,1741
1742,1743
1743,1740
1744,1748
1745,1746
1746,1744
1747,1749
1748,1745
1749,1747
1750,1750
1751,1754
1752,1757
1753,1756
1754,1755
1755,1751
1756,1753
1757,1752
1758,1759
1759,1763
1760,1764
1761,1758
1762,1762
1763,1761
1764,1760
1765,1765
1766,1768
1767,1770
1768,1771
1769,1766
1770,1769
1771,1767
1772,1772
1773,1774
1774,1776
1775,1773
1776,1777
1777,1775
1778,1780
1779,1781
1780,1778
1781,1782
1782,1779
1783,1784
1784,1783
1785,1787
1786,1791
1787,1788
1788,1790
1789,1792
1790,1786
1791,1789
1792,1785
1793,1800
1794,1795
1795,1794
1796,1799
1797,1793
1798,1796
1799,1797
1800,1798
1801,1802
1802,1805
1803,1806
1804,1804
1805,1801
1806,1803
1807,1809
1808,1808
1809,1812
1810,1814
1811,1807
1812,1810
1813,1813
1814,1811
1815,1817
1816,1816
1817,1815
1818,1818
1819,1819
1820,1820
1821,1821
1822,1823
1823,1826
1824,1822
1825,1825
1826,1824
1827,1828
1828,1830
1829,1833
1830,1827
1831,1832
1832,1829
1833,1831
1834,1834
1835,1838
1836,1839
1837,1836
1838,1835
1839,1837
1840,1842
1841,1840
1842,1844
1843,1843
1844,1841
1845,1845
1846,1847
1847,1848
1848,1846
1849,1849
1850,1850
1851,1851
1852,1852
1853,1853
1854,1855
1855,1856
1856,1860
1857,1854
1858,1857
1859,1858
1860,1859
1861,1861
1862,1865
1863,1862
1864,1864
1865,1863
1866,1866
1867,1868
1868,1870
1869,1867
1870,1871
1871,1869
1872,1872
1873,1874
1874,1877
1875,1876
1876,1873
1877,1875
1878,1878
1879,1880
1880,1883
1881,1884
1882,1885
1883,1882
1884,1879
1885,1881
1886,1886
1887,1890
1888,1889
1889,1887
1890,1891
1891,1888
1892,1892
1893,1894
1894,1897
1895,1895
1896,1899
1897,1893
1898,1898
1899,1896
1900,1902
1901,1904
1902,1907
1903,1903
1904,1900
1905,1905
1906,1901
1907,1906
1908,1908
1909,1912
1910,1909
1911,1911
1912,1910
1913,1919
1914,1914
1915,1916
1916,1920
1917,1913
1918,1917
1919,1915
1920,1918
1921,1921
1922,1925
1923,1922
1924,1924
1925,1923
1926,1926
1927,1928
1928,1930
1929,1927
1930,1932
1931,1929
1932,1931
1933,1935
1934,1937
1935,1934
1936,1933
1937,1936
1938,1938
1939,1940
1940,1943
1941,1939
1942,1942
1943,1941
1944,1945
1945,1947
1946,1944
1947,1948
1948,1946
1949,1950
1950,1951
1951,1949
1952,1953
1953,1956
1954,1958
1955,1955
1956,1952
1957,1954
1958,1957
1959,1959
1960,1963
1961,1964
1962,1960
1963,1962
1964,1961
1965,1965
1966,1968
1967,1966
1968,1969
1969,1967
1970,1975
1971,1971
1972,1973
1973,1976
1974,1970
1975,1974
1976,1972
1977,1977
1978,1981
1979,1982
1980,1978
1981,1980
1982,1979
1983,1984
1984,1985
1985,1987
1986,1983
1987,1986
1988,1988
1989,1991
1990,1992
1991,1989
1992,1993
1993,1990
1994,1995
1995,1997
1996,1994
1997,1998
1998,1996
1999,1999
2000,2003
2001,2004
2002,2002
2003,2000
2004,2001
2005,2010
2006,2006
2007,2009
2008,2005
2009,2008
2010,2007
2011,2014
2012,2013
2013,2012
2014,2017
2015,2021
2016,2022
2017,2020
2018,2011
2019,2016
2020,2018
2021,2015
2022,2019
2023,2024
2024,2027
2025,2028
2026,2026
2027,2023
2028,2029
2029,2025
2030,2030
2031,2033
2032,2035
2033,2032
2034,2034
2035,2031
2036,2042
2037,2039
2038,2037
2039,2036
2040,2038
2041,2040
2042,2041
2043,2044
2044,2047
2045,2048
2046,2046
2047,2043
2048,2045
2049,2049
2050,2052
2051,2054
2052,2050
2053,2053
2054,2051
2055,2057
2056,2056
2057,2059
2058,2055
2059,2060
2060,2058
2061,2063
2062,2062
2063,2061
2064,2065
2065,2064
2066,2066
2067,2070
2068,2071
2069,2067
2070,2069
2071,2068
2072,2073
2073,2075
2074,2072
2075,2076
2076,2074
2077,2079
2078,2081
2079,2078
2080,2077
2081,2082
2082,2080
2083,2085
2084,2086
2085,2084
2086,2083
2087,2089
2088,2087
2089,2090
2090,2088
2091,2097
2092,2093
2093,2098
2094,2091
2095,2095
2096,2094
2097,2096
2098,2092
2099,2103
2100,2105
2101,2101
2102,2099
2103,2102
2104,2104
2105,2100
2106,2111
2107,2107
2108,2109
2109,2112
2110,2106
2111,2110
2112,2108
2113,2113
2114,2115
2115,2118
2116,2116
2117,2117
2118,2114
2119,2124
2120,2120
2121,2123
2122,2119
2123,2122
2124,2121
2125,2128
2126,2127
2127,2125
2128,2131
2129,2126
2130,2130
2131,2129
2132,2135
2133,2133
2134,2137
2135,2132
2136,2134
2137,2138
2138,2136
2139,2140
2140,2139
2141,2146
2142,2143
2143,2144
2144,2141
2145,2145
2146,2142
2147,2147
2148,2150
2149,2151
2150,2148
2151,2152
2152,2149
2153,2153
2154,2154
2155,2158
2156,2155
2157,2156
2158,2159
2159,2157
2160,2160
2161,2169
2162,2162
2163,2164
2164,2166
2165,2170
2166,2161
2167,2163
2168,2168
2169,2165
2170,2167
2171,2178
2172,2172
2173,2174
2174,2176
2175,2171
2176,2175
2177,2173
2178,2177
2179,2181
2180,2185
2181,2179
2182,2184
2183,2182
2184,2183
2185,2180
2186,2187
2187,2190
2188,2191
2189,2188
2190,2186
2191,2193
2192,2189
2193,2192
2194,2197
2195,2198
2196,2194
2197,2196
2198,2195
2199,2201
2200,2203
2201,2204
2202,2207
2203,2199
2204,2202
2205,2200
2206,2206
2207,2205
2208,2210
2209,2212
2210,2208
2211,2211
2212,2209
2213,2213
2214,2214
2215,2218
2216,2219
2217,2215
2218,2217
2219,2216
2220,2223
2221,2222
2222,2220
2223,2224
2224,2221
2225,2226
2226,2225
2227,2227
2228,2228
2229,2232
2230,2231
2231,2230
2232,2229
2233,2234
2234,2236
2235,2233
2236,2237
2237,2235
2238,2242
2239,2239
2240,2238
2241,2240
2242,2241
2243,2244
2244,2245
2245,2243
2246,2248
2247,2249
2248,2253
2249,2254
2250,2246
2251,2250
2252,2247
2253,2252
2254,2251
2255,2264
2256,2265
2257,2256
2258,2257
2259,2262
2260,2255
2261,2259
2262,2258
2263,2263
2264,2260
2265,2261
2266,2267
2267,2270
2268,2266
2269,2269
2270,2268
2271,2272
2272,2271
2273,2279
2274,2275
2275,2274
2276,2280
2277,2273
2278,2277
2279,2276
2280,2278
2281,2282
2282,2284
2283,2281
2284,2285
2285,2283
2286,2287
2287,2286
2288,2289
2289,2291
2290,2288
2291,2292
2292,2290
2293,2295
2294,2293
2295,2294
2296,2296
2297,2302
2298,2303
2299,2304
2300,2305
2301,2299
2302,2300
2303,2297
2304,2298
2305,2301
2306,2313
2307,2308
2308,2309
2309,2306
2310,2312
2311,2307
2312,2311
2313,2314
2314,2310
2315,2316
2316,2318
2317,2320
2318,2315
2319,2319
2320,2317
2321,2321
2322,2324
2323,2327
2324,2325
2325,2322
2326,2326
2327,2323
2328,2329
2329,2332
2330,2331
2331,2328
2332,2330
2333,2333
2334,2340
2335,2336
2336,2335
2337,2341
2338,2334
2339,2338
2340,2337
2341,2339
2342,2349
2343,2345
2344,2343
2345,2348
2346,2350
2347,2342
2348,2344
2349,2346
2350,2347
2351,2357
2352,2354
2353,2352
2354,2351
2355,2353
2356,2355
2357,2356
2358,2360
2359,2359
2360,2361
2361,2358
2362,2362
2363,2363
2364,2365
2365,2364
2366,2367
2367,2370
2368,2371
2369,2372
2370,2366
2371,2369
2372,2368
2373,2374
2374,2376
2375,2380
2376,2373
2377,2377
2378,2379
2379,2375
2380,2381
2381,2378
2382,2386
2383,2387
2384,2389
2385,2384
2386,2382
2387,2385
2388,2388
2389,2383
2390,2390
2391,2395
2392,2392
2393,2398
2394,2391
2395,2394
2396,2397
2397,2393
2398,2396
2399,2402
2400,2401
2401,2399
2402,2403
2403,2404
2404,2400
2405,2409
2406,2406
2407,2411
2408,2412
2409,2410
2410,2405
2411,2408
2412,2407
2413,2417
2414,2415
2415,2413
2416,2418
2417,2416
2418,2414
2419,2425
2420,2422
2421,2419
2422,2423
2423,2421
2424,2424
2425,2420
2426,2429
2427,2431
2428,2426
2429,2430
2430,2428
2431,2427
2432,2432
2433,2439
2434,2435
2435,2433
2436,2437
2437,2436
2438,2438
2439,2434
2440,2441
2441,2443
2442,2440
2443,2444
2444,2442
2445,2445
2446,2448
2447,2450
2448,2447
2449,2449
2450,2451
2451,2446
2452,2452
2453,2454
2454,2456
2455,2453
2456,2457
2457,2455
2458,2459
2459,2463
2460,2461
2461,2458
2462,2464
2463,2460
2464,2465
2465,2462
2466,2467
2467,2471
2468,2468
2469,2466
2470,2472
2471,2469
2472,2470
2473,2474
2474,2476
2475,2478
2476,2473
2477,2477
2478,2475
2479,2479
2480,2481
2481,2483
2482,2486
2483,2484
2484,2482
2485,2480
2486,2485
2487,2493
2488,2487
2489,2491
2490,2492
2491,2488
2492,2490
2493,2489
2494,2496
2495,2499
2496,2498
2497,2494
2498,2497
2499,2495
2500,2500
2501,2504
2502,2502
2503,2503
2504,2501
2505,2509
2506,2506
2507,2514
2508,2512
2509,2513
2510,2505
2511,2508
2512,2507
2513,2511
2514,2510
2515,2518
2516,2516
2517,2520
2518,2521
2519,2515
2520,2519
2521,2517
2522,2525
2523,2523
2524,2522
2525,2524
2526,2526
2527,2528
2528,2527
2529,2530
2530,2532
2531,2537
2532,2535
2533,2529
2534,2533
2535,2531
2536,2534
2537,2536
2538,2539
2539,2542
2540,2541
2541,2538
2542,2540
2543,2549
2544,2543
2545,2546
2546,2548
2547,2544
2548,2547
2549,2545
2550,2550
2551,2551
2552,2555
2553,2552
2554,2554
2555,2553
2556,2564
2557,2559
2558,2561
2559,2563
2560,2556
2561,2560
2562,2558
2563,2557
2564,2562
2565,2566
2566,2570
2567,2571
2568,2565
2569,2569
2570,2568
2571,2567
2572,2572
2573,2573
2574,2577
2575,2578
2576,2574
2577,2576
2578,2575
2579,2579
2580,2586
2581,2580
2582,2584
2583,2582
2584,2581
2585,2583
2586,2585
2587,2588
2588,2591
2589,2592
2590,2593
2591,2587
2592,2590
2593,2589
2594,2595
2595,2597
2596,2599
2597,2594
2598,2598
2599,2596
2600,2600
2601,2614
2602,2616
2603,2615
2604,2613
2605,2617
2606,2624
2607,2621
2608,2620
2609,2618
2610,2622
2611,2623
2612,2619
2613,2625
2614,2628
2615,2626
2616,2629
2617,2627
2618,2636
2619,2640
2620,2637
2621,2639
2622,2638
2623,2642
2624,2645
2625,2643
2626,2641
2627,2646
2628,2644
2629,2652
2630,2653
2631,2648
2632,2654
2633,2647
2634,2649
2635,2650
2636,2651
2637,2603
2638,2605
2639,2607
2640,2601
2641,2606
2642,2602
2643,2604
2644,2609
2645,2612
2646,2608
2647,2610
2648,2611
2649,2633
2650,2630
2651,2634
2652,2632
2653,2635
2654,2631
2655,2656
2656,2659
2657,2660
2658,2655
2659,2658
2660,2657
2661,2662
2662,2665
2663,2661
2664,2664
2665,2663
2666,2672
2667,2667
2668,2668
2669,2666
2670,2670
2671,2669
2672,2671
2673,2674
2674,2676
2675,2681
2676,2679
2677,2673
2678,2677
2679,2678
2680,2675
2681,2680
2682,2684
2683,2687
2684,2682
2685,2685
2686,2686
2687,2683
2688,2689
2689,2690
2690,2691
2691,2692
2692,2694
2693,2693
2694,2688
2695,2696
2696,2699
2697,2695
2698,2698
2699,2697
2700,2703
2701,2706
2702,2700
2703,2705
2704,2702
2705,2704
2706,2708
2707,2701
2708,2707
2709,2713
2710,2711
2711,2714
2712,2709
2713,2716
2714,2712
2715,2715
2716,2710
2717,2720
2718,2722
2719,2717
2720,2721
2721,2719
2722,2718
2723,2773
2724,2767
2725,2771
2726,2768
2727,2770
2728,2772
2729,2769
2730,2779
2731,2774
2732,2778
2733,2775
2734,2776
2735,2777
2736,2780
2737,2723
2738,2730
2739,2727
2740,2729
2741,2728
2742,2724
2743,2726
2744,2725
2745,2731
2746,2733
2747,2737
2748,2736
2749,2735
2750,2732
2751,2734
2752,2738
2753,2746
2754,2748
2755,2750
2756,2747
2757,2744
2758,2749
2759,2745
2760,2758
2761,2754
2762,2753
2763,2751
2764,2755
2765,2757
2766,2752
2767,2759
2768,2756
2769,2761
2770,2764
2771,2765
2772,2760
2773,2762
2774,2763
2775,2766
2776,2740
2777,2743
2778,2739
2779,2742
2780,2741
2781,2783
2782,2785
2783,2788
2784,2787
2785,2781
2786,2786
2787,2784
2788,2782
2789,2791
2790,2794
2791,2795
2792,2789
2793,2793
2794,2792
2795,2790
2796,2801
2797,2802
2798,2803
2799,2798
2800,2796
2801,2797
2802,2799
2803,2800
2804,2805
2805,2808
2806,2810
2807,2809
2808,2811
2809,2807
2810,2804
2811,2806
2812,2814
2813,2815
2814,2817
2815,2812
2816,2816
2817,2813
2818,2818
2819,2821
2820,2822
2821,2819
2822,2823
2823,2820
2824,2841
2825,2844
2826,2839
2827,2845
2828,2840
2829,2843
2830,2838
2831,2842
2832,2848
2833,2846
2834,2851
2835,2849
2836,2850
2837,2847
2838,2852
2839,2853
2840,2854
2841,2858
2842,2855
2843,2857
2844,2856
2845,2860
2846,2863
2847,2864
2848,2862
2849,2859
2850,2861
2851,2865
2852,2869
2853,2870
2854,2867
2855,2866
2856,2868
2857,2872
2858,2875
2859,2876
2860,2874
2861,2871
2862,2873
2863,2877
2864,2881
2865,2882
2866,2880
2867,2878
2868,2879
2869,2884
2870,2883
2871,2886
2872,2888
2873,2890
2874,2885
2875,2889
2876,2887
2877,2893
2878,2895
2879,2891
2880,2894
2881,2892
2882,2897
2883,2896
2884,2898
2885,2902
2886,2903
2887,2900
2888,2901
2889,2899
2890,2904
2891,2906
2892,2910
2893,2908
2894,2905
2895,2909
2896,2907
2897,2915
2898,2913
2899,2911
2900,2914
2901,2916
2902,2912
2903,2918
2904,2921
2905,2923
2906,2924
2907,2920
2908,2917
2909,2922
2910,2919
2911,2926
2912,2929
2913,2925
2914,2928
2915,2927
2916,2931
2917,2934
2918,2935
2919,2930
2920,2933
2921,2936
2922,2932
2923,2938
2924,2937
2925,2940
2926,2941
2927,2939
2928,2942
2929,2944
2930,2947
2931,2946
2932,2943
2933,2945
2934,2949
2935,2953
2936,2952
2937,2954
2938,2948
2939,2951
2940,2950
2941,2955
2942,2957
2943,2960
2944,2961
2945,2959
2946,2956
2947,2958
2948,2963
2949,2966
2950,2962
2951,2964
2952,2965
2953,2967
2954,2969
2955,2971
2956,2968
2957,2972
2958,2970
2959,2974
2960,2977
2961,2973
2962,2976
2963,2975
2964,2978
2965,2982
2966,2984
2967,2983
2968,2985
2969,2979
2970,2981
2971,2980
2972,2986
2973,2990
2974,2991
2975,2987
2976,2989
2977,2988
2978,2993
2979,2995
2980,2997
2981,2998
2982,2992
2983,2996
2984,2994
2985,2999
2986,3003
2987,3000
2988,3002
2989,3001
2990,2825
2991,2827
2992,2830
2993,2824
2994,2828
2995,2826
2996,2829
2997,2837
2998,2832
2999,2835
3000,2831
3001,2834
3002,2833
3003,2836
3004,3005
3005,3007
3006,3009
3007,3004
3008,3008
3009,3006
3010,3012
3011,3011
3012,3016
3013,3010
3014,3014
3015,3015
3016,3013
3017,3019
3018,3018
3019,3024
3020,3023
3021,3017
3022,3022
3023,3020
3024,3021
3025,3027
3026,3028
3027,3025
3028,3029
3029,3026
3030,3031
3031,3033
3032,3036
3033,3037
3034,3030
3035,3034
3036,3032
3037,3035
3038,3039
3039,3041
3040,3038
3041,3042
3042,3040
3043,3043
3044,3044
3045,3047
3046,3050
3047,3045
3048,3048
3049,3046
3050,3049
3051,3053
3052,3056
3053,3058
3054,3057
3055,3051
3056,3055
3057,3052
3058,3054
3059,3062
3060,3064
3061,3060
3062,3063
3063,3066
3064,3059
3065,3065
3066,3061
3067,3072
3068,3071
3069,3067
3070,3070
3071,3069
3072,3068
3073,3073
3074,3077
3075,3074
3076,3076
3077,3075
3078,3078
3079,3080
3080,3082
3081,3079
3082,3083
3083,3081
3084,3084
3085,3087
3086,3086
3087,3090
3088,3092
3089,3089
3090,3085
3091,3088
3092,3094
3093,3093
3094,3095
3095,3091
3096,3096
3097,3103
3098,3098
3099,3101
3100,3104
3101,3099
3102,3097
3103,3100
3104,3102
3105,3108
3106,3105
3107,3110
3108,3107
3109,3109
3110,3106
3111,3114
3112,3118
3113,3117
3114,3111
3115,3116
3116,3113
3117,3115
3118,3112
3119,3122
3120,3120
3121,3124
3122,3128
3123,3127
3124,3119
3125,3121
3126,3123
3127,3126
3128,3125
3129,3130
3130,3134
3131,3137
3132,3132
3133,3129
3134,3133
3135,3131
3136,3136
3137,3135
3138,3139
3139,3142
3140,3138
3141,3141
3142,3140
3143,3144
3144,3147
3145,3150
3146,3148
3147,3143
3148,3146
3149,3145
3150,3149
3151,3152
3152,3156
3153,3153
3154,3154
3155,3155
3156,3151
3157,3163
3158,3158
3159,3161
3160,3164
3161,3157
3162,3162
3163,3159
3164,3160
3165,3166
3166,3169
3167,3165
3168,3168
3169,3167
3170,3172
3171,3173
3172,3175
3173,3170
3174,3174
3175,3171
3176,3178
3177,3177
3178,3176
3179,3181
3180,3182
3181,3179
3182,3183
3183,3180
3184,3184
3185,3188
3186,3190
3187,3192
3188,3193
3189,3189
3190,3185
3191,3191
3192,3187
3193,3186
3194,3195
3195,3198
3196,3199
3197,3194
3198,3197
3199,3196
3200,3200
3201,3203
3202,3202
3203,3204
3204,3201
3205,3205
3206,3206
3207,3208
3208,3207
3209,3210
3210,3213
3211,3209
3212,3212
3213,3211
3214,3216
3215,3218
3216,3219
3217,3214
3218,3217
3219,3215
3220,3228
3221,3223
3222,3225
3223,3221
3224,3226
3225,3220
3226,3224
3227,3222
3228,3227
3229,3229
3230,3231
3231,3233
3232,3230
3233,3232
3234,3234
3235,3236
3236,3235
3237,3239
3238,3238
3239,3243
3240,3237
3241,3240
3242,3241
3243,3242
3244,3246
3245,3247
3246,3244
3247,3248
3248,3245
3249,3249
3250,3250
3251,3254
3252,3252
3253,3253
3254,3251
3255,3256
3256,3257
3257,3260
3258,3255
3259,3258
3260,3259
3261,3261
3262,3263
3263,3266
3264,3267
3265,3268
3266,3262
3267,3265
3268,3264
3269,3270
3270,3273
3271,3269
3272,3272
3273,3271
3274,3274
3275,3276
3276,3279
3277,3275
3278,3278
3279,3277
3280,3280
3281,3281
3282,3285
3283,3282
3284,3284
3285,3283
3286,3289
3287,3290
3288,3286
3289,3291
3290,3288
3291,3287
3292,3293
3293,3296
3294,3297
3295,3292
3296,3295
3297,3294
3298,3298
3299,3302
3300,3310
3301,3309
3302,3305
3303,3304
3304,3303
3305,3299
3306,3301
3307,3307
3308,3300
3309,3308
3310,3306
3311,3312
3312,3314
3313,3316
3314,3313
3315,3311
3316,3315
3317,3317
3318,3321
3319,3323
3320,3318
3321,3322
3322,3320
3323,3319
3324,3325
3325,3327
3326,3330
3327,3324
3328,3328
3329,3326
3330,3329
3331,3331
3332,3337
3333,3334
3334,3332
3335,3335
3336,3333
3337,3336
3338,3338
3339,3342
3340,3343
3341,3341
3342,3339
3343,3340
3344,3345
3345,3347
3346,3344
3347,3348
3348,3346
3349,3349
3350,3358
3351,3360
3352,3357
3353,3361
3354,3359
3355,3353
3356,3356
3357,3350
3358,3352
3359,3351
3360,3354
3361,3355
3362,3363
3363,3366
3364,3368
3365,3367
3366,3362
3367,3365
3368,3364
3369,3369
3370,3373
3371,3370
3372,3372
3373,3371
3374,3376
3375,3377
3376,3374
3377,3378
3378,3379
3379,3375
3380,3380
3381,3381
3382,3385
3383,3386
3384,3383
3385,3382
3386,3384
3387,3387
3388,3389
3389,3391
3390,3393
3391,3394
3392,3388
3393,3392
3394,3390
3395,3401
3396,3398
3397,3403
3398,3400
3399,3395
3400,3399
3401,3397
3402,3402
3403,3396
3404,3404
3405,3408
3406,3405
3407,3407
3408,3406
3409,3409
3410,3413
3411,3412
3412,3410
3413,3414
3414,3411
3415,3416
3416,3415
3417,3423
3418,3417
3419,3421
3420,3422
3421,3418
3422,3419
3423,3420
3424,3425
3425,3428
3426,3430
3427,3424
3428,3427
3429,3426
3430,3431
3431,3429
3432,3433
3433,3435
3434,3438
3435,3436
3436,3432
3437,3437
3438,3434
3439,3440
3440,3442
3441,3444
3442,3439
3443,3443
3444,3441
3445,3446
3446,3448
3447,3445
3448,3449
3449,3447
3450,3450
3451,3454
3452,3453
3453,3451
3454,3452
3455,3455
3456,3456
3457,3459
3458,3458
3459,3460
3460,3457
3461,3461
3462,3463
3463,3462
3464,3466
3465,3465
3466,3468
3467,3464
3468,3467
3469,3471
3470,3470
3471,3469
3472,3474
3473,3475
3474,3472
3475,3473
3476,3477
3477,3476
3478,3478
3479,3481
3480,3480
3481,3479
3482,3482
3483,3485
3484,3483
3485,3486
3486,3484
3487,3488
3488,3490
3489,3491
3490,3487
3491,3489
3492,3493
3493,3492
3494,3495
3495,3497
3496,3500
3497,3499
3498,3494
3499,3498
3500,3496
3501,3510
3502,3502
3503,3504
3504,3507
3505,3501
3506,3505
3507,3503
3508,3509
3509,3508
3510,3506
3511,3512
3512,3516
3513,3515
3514,3517
3515,3511
3516,3514
3517,3513
3518,3519
3519,3522
3520,3524
3521,3521
3522,3518
3523,3523
3524,3525
3525,3520
3526,3526
3527,3530
3528,3533
3529,3532
3530,3527
3531,3529
3532,3528
3533,3531
3534,3534
3535,3538
3536,3537
3537,3535
3538,3539
3539,3536
3540,3542
3541,3545
3542,3550
3543,3548
3544,3547
3545,3549
3546,3541
3547,3540
3548,3544
3549,3543
3550,3546
3551,3553
3552,3554
3553,3558
3554,3556
3555,3551
3556,3557
3557,3552
3558,3559
3559,3555
3560,3560
3561,3564
3562,3565
3563,3561
3564,3562
3565,3563
3566,3582
3567,3586
3568,3580
3569,3585
3570,3581
3571,3584
3572,3583
3573,3579
3574,3589
3575,3591
3576,3593
3577,3590
3578,3588
3579,3592
3580,3587
3581,3594
3582,3596
3583,3599
3584,3600
3585,3597
3586,3595
3587,3598
3588,3602
3589,3605
3590,3609
3591,3607
3592,3604
3593,3601
3594,3606
3595,3603
3596,3608
3597,3611
3598,3614
3599,3615
3600,3610
3601,3613
3602,3612
3603,3616
3604,3618
3605,3621
3606,3622
3607,3620
3608,3617
3609,3619
3610,3624
3611,3627
3612,3629
3613,3630
3614,3628
3615,3623
3616,3626
3617,3625
3618,3634
3619,3637
3620,3639
3621,3633
3622,3638
3623,3631
3624,3632
3625,3635
3626,3636
3627,3641
3628,3644
3629,3645
3630,3640
3631,3643
3632,3642
3633,3670
3634,3675
3635,3673
3636,3672
3637,3674
3638,3671
3639,3676
3640,3680
3641,3677
3642,3679
3643,3678
3644,3682
3645,3685
3646,3686
3647,3681
3648,3684
3649,3683
3650,3687
3651,3688
3652,3692
3653,3693
3654,3695
3655,3689
3656,3691
3657,3690
3658,3694
3659,3703
3660,3706
3661,3702
3662,3705
3663,3704
3664,3710
3665,3709
3666,3711
3667,3707
3668,3712
3669,3708
3670,3713
3671,3717
3672,3716
3673,3714
3674,3715
3675,3718
3676,3722
3677,3719
3678,3721
3679,3720
3680,3723
3681,3727
3682,3730
3683,3728
3684,3724
3685,3726
3686,3725
3687,3729
3688,3731
3689,3735
3690,3739
3691,3733
3692,3732
3693,3736
3694,3734
3695,3737
3696,3738
3697,3748
3698,3741
3699,3745
3700,3747
3701,3743
3702,3740
3703,3744
3704,3746
3705,3742
3706,3749
3707,3753
3708,3755
3709,3754
3710,3750
3711,3752
3712,3751
3713,3567
3714,3569
3715,3566
3716,3570
3717,3568
3718,3571
3719,3573
3720,3575
3721,3572
3722,3576
3723,3574
3724,3578
3725,3577
3726,3647
3727,3649
3728,3652
3729,3651
3730,3646
3731,3650
3732,3648
3733,3654
3734,3656
3735,3661
3736,3659
3737,3662
3738,3658
3739,3660
3740,3653
3741,3657
3742,3655
3743,3664
3744,3665
3745,3663
3746,3666
3747,3667
3748,3669
3749,3668
3750,3697
3751,3700
3752,3701
3753,3696
3754,3699
3755,3698
3756,3756
3757,3760
3758,3757
3759,3758
3760,3759
3761,3761
3762,3764
3763,3765
3764,3766
3765,3762
3766,3767
3767,3763
3768,3781
3769,3784
3770,3785
3771,3782
3772,3780
3773,3783
3774,3786
3775,3795
3776,3798
3777,3800
3778,3794
3779,3797
3780,3799
3781,3796
3782,3809
3783,3812
3784,3810
3785,3807
3786,3811
3787,3808
3788,3816
3789,3817
3790,3815
3791,3813
3792,3818
3793,3814
3794,3826
3795,3829
3796,3830
3797,3833
3798,3828
3799,3825
3800,3831
3801,3827
3802,3832
3803,3835
3804,3839
3805,3838
3806,3836
3807,3834
3808,3840
3809,3837
3810,3769
3811,3771
3812,3774
3813,3768
3814,3772
3815,3773
3816,3770
3817,3775
3818,3778
3819,3776
3820,3779
3821,3777
3822,3789
3823,3790
3824,3792
3825,3787
3826,3793
3827,3788
3828,3791
3829,3806
3830,3802
3831,3805
3832,3801
3833,3804
3834,3803
3835,3821
3836,3819
3837,3823
3838,3822
3839,3824
3840,3820
3841,3843
3842,3844
3843,3847
3844,3841
3845,3845
3846,3842
3847,3846
3848,3850
3849,3851
3850,3848
3851,3852
3852,3849
3853,3853
3854,3856
3855,3859
3856,3858
3857,3860
3858,3861
3859,3854
3860,3857
3861,3855
3862,3864
3863,3866
3864,3869
3865,3865
3866,3868
3867,3862
3868,3867
3869,3863
3870,3871
3871,3873
3872,3874
3873,3870
3874,3875
3875,3872
3876,3877
3877,3881
3878,3880
3879,3882
3880,3876
3881,3879
3882,3878
3883,3883
3884,3887
3885,3884
3886,3885
3887,3888
3888,3886
3889,3890
3890,3892
3891,3889
3892,3893
3893,3891
3894,3894
3895,3896
3896,3904
3897,3895
3898,3901
3899,3903
3900,3902
3901,3899
3902,3900
3903,3898
3904,3897
3905,3908
3906,3906
3907,3909
3908,3912
3909,3913
3910,3914
3911,3905
3912,3911
3913,3910
3914,3907
3915,3916
3916,3919
3917,3920
3918,3921
3919,3918
3920,3915
3921,3917
3922,3928
3923,3924
3924,3923
3925,3922
3926,3925
3927,3926
3928,3929
3929,3927
3930,3931
3931,3934
3932,3930
3933,3935
3934,3932
3935,3936
3936,3933
3937,3938
3938,3940
3939,3942
3940,3943
3941,3937
3942,3941
3943,3939
3944,3945
3945,3948
3946,3944
3947,3947
3948,3946
3949,3951
3950,3953
3951,3949
3952,3952
3953,3950
3954,3955
3955,3958
3956,3959
3957,3957
3958,3954
3959,3956
3960,3960
3961,3964
3962,3967
3963,3965
3964,3963
3965,3961
3966,3962
3967,3966
3968,3968
3969,3970
3970,3973
3971,3974
3972,3971
3973,3969
3974,3972
3975,3975
3976,3979
3977,3976
3978,3978
3979,3977
3980,3980
3981,3985
3982,3986
3983,3981
3984,3983
3985,3984
3986,3982
3987,3987
3988,3989
3989,3991
3990,3993
3991,3988
3992,3992
3993,3990
3994,3994
3995,3996
3996,3998
3997,4000
3998,3995
3999,3999
4000,3997
4001,4002
4002,4004
4003,4001
4004,4005
4005,4003
4006,4006
4007,4007
4008,4008
4009,4012
4010,4009
4011,4011
4012,4010
4013,4018
4014,4014
4015,4017
4016,4016
4017,4013
4018,4015
4019,4021
4020,4022
4021,4019
4022,4023
4023,4020
4024,4029
4025,4025
4026,4028
4027,4027
4028,4024
4029,4026
4030,4030
4031,4034
4032,4035
4033,4031
4034,4033
4035,4032
4036,4036
4037,4040
4038,4037
4039,4039
4040,4038
4041,4041
4042,4043
4043,4046
4044,4045
4045,4042
4046,4044
4047,4049
4048,4050
4049,4053
4050,4047
4051,4051
4052,4048
4053,4052
4054,4055
4055,4057
4056,4059
4057,4058
4058,4054
4059,4060
4060,4056
4061,4062
4062,4065
4063,4064
4064,4061
4065,4063
4066,4066
4067,4068
4068,4071
4069,4067
4070,4070
4071,4069
4072,4072
4073,4074
4074,4075
4075,4080
4076,4073
4077,4076
4078,4077
4079,4079
4080,4078
4081,4082
4082,4085
4083,4084
4084,4081
4085,4083
4086,4086
4087,4089
4088,4091
4089,4094
4090,4093
4091,4087
4092,4092
4093,4090
4094,4088
4095,4095
4096,4099
4097,4100
4098,4097
4099,4096
4100,4098
4101,4109
4102,4104
4103,4102
4104,4103
4105,4110
4106,4101
4107,4105
4108,4106
4109,4108
4110,4107
4111,4112
4112,4115
4113,4116
4114,4111
4115,4113
4116,4117
4117,4114
4118,4119
4119,4122
4120,4123
4121,4121
4122,4118
4123,4120
4124,4125
4125,4128
4126,4126
4127,4124
4128,4127
4129,4129
4130,4131
4131,4133
4132,4138
4133,4137
4134,4135
4135,4130
4136,4134
4137,4136
4138,4132
4139,4141
4140,4139
4141,4140
4142,4143
4143,4142
4144,4145
4145,4147
4146,4144
4147,4148
4148,4146
4149,4150
4150,4149
4151,4151
4152,4153
4153,4156
4154,4159
4155,4158
4156,4152
4157,4157
4158,4155
4159,4154
4160,4163
4161,4161
4162,4160
4163,4162
4164,4164
4165,4165
4166,4168
4167,4170
4168,4166
4169,4169
4170,4167
4171,4173
4172,4171
4173,4172
4174,4176
4175,4180
4176,4177
4177,4174
4178,4178
4179,4175
4180,4179
4181,4184
4182,4185
4183,4182
4184,4181
4185,4186
4186,4183
4187,4189
4188,4188
4189,4193
4190,4195
4191,4196
4192,4187
4193,4191
4194,4190
4195,4194
4196,4192
4197,4199
4198,4201
4199,4202
4200,4197
4201,4200
4202,4198
4203,4204
4204,4207
4205,4208
4206,4203
4207,4206
4208,4205
4209,4209
4210,4211
4211,4213
4212,4210
4213,4214
4214,4212
4215,4215
4216,4218
4217,4219
4218,4221
4219,4216
4220,4220
4221,4217
4222,4223
4223,4227
4224,4228
4225,4222
4226,4224
4227,4225
4228,4226
4229,4230
4230,4229
4231,4232
4232,4233
4233,4231
4234,4234
4235,4235
4236,4238
4237,4236
4238,4239
4239,4237
4240,4241
4241,4243
4242,4240
4243,4244
4244,4242
4245,4245
4246,4247
4247,4250
4248,4252
4249,4251
4250,4249
4251,4246
4252,4248
4253,4254
4254,4257
4255,4253
4256,4256
4257,4255
4258,4258
4259,4264
4260,4265
4261,4260
4262,4261
4263,4262
4264,4263
4265,4259
4266,4267
4267,4269
4268,4270
4269,4266
4270,4271
4271,4268
4272,4272
4273,4274
4274,4276
4275,4277
4276,4278
4277,4275
4278,4273
4279,4283
4280,4286
4281,4279
4282,4284
4283,4281
4284,4285
4285,4282
4286,4280
4287,4293
4288,4290
4289,4289
4290,4288
4291,4287
4292,4292
4293,4291
4294,4294
4295,4296
4296,4298
4297,4295
4298,4299
4299,4297
4300,4313
4301,4317
4302,4319
4303,4318
4304,4314
4305,4316
4306,4315
4307,4320
4308,4326
4309,4327
4310,4328
4311,4322
4312,4321
4313,4323
4314,4325
4315,4324
4316,4329
4317,4333
4318,4331
4319,4330
4320,4334
4321,4332
4322,4301
4323,4304
4324,4306
4325,4305
4326,4303
4327,4300
4328,4302
4329,4307
4330,4309
4331,4312
4332,4308
4333,4311
4334,4310
4335,4335
4336,4338
4337,4336
4338,4339
4339,4337
4340,4340
4341,4343
4342,4344
4343,4341
4344,4345
4345,4342
4346,4348
4347,4349
4348,4346
4349,4350
4350,4347
4351,4351
4352,4354
4353,4357
4354,4358
4355,4355
4356,4359
4357,4352
4358,4356
4359,4353
4360,4361
4361,4364
4362,4368
4363,4366
4364,4367
4365,4362
4366,4360
4367,4363
4368,4365
4369,4370
4370,4373
4371,4377
4372,4375
4373,4376
4374,4372
4375,4369
4376,4371
4377,4374
4378,4378
4379,4382
4380,4383
4381,4379
4382,4380
4383,4381
4384,4384
4385,4386
4386,4388
4387,4385
4388,4389
4389,4387
4390,4390
4391,4393
4392,4395
4393,4391
4394,4394
4395,4392
4396,4397
4397,4400
4398,4402
4399,4401
4400,4399
4401,4396
4402,4398
4403,4404
4404,4407
4405,4408
4406,4406
4407,4403
4408,4405
4409,4410
4410,4413
4411,4412
4412,4409
4413,4411
4414,4415
4415,4417
4416,4414
4417,4418
4418,4416
4419,4421
4420,4422
4421,4419
4422,4424
4423,4420
4424,4423
4425,4426
4426,4428
4427,4431
4428,4429
4429,4425
4430,4430
4431,4427
4432,4432
4433,4434
4434,4436
4435,4433
4436,4437
4437,4435
4438,4439
4439,4438
4440,4442
4441,4443
4442,4446
4443,4440
4444,4444
4445,4441
4446,4447
4447,4445
4448,4449
4449,4451
4450,4453
4451,4448
4452,4452
4453,4450
4454,4455
4455,4459
4456,4460
4457,4454
4458,4458
4459,4457
4460,4456
4461,4468
4462,4462
4463,4466
4464,4467
4465,4469
4466,4461
4467,4464
4468,4463
4469,4465
4470,4470
4471,4474
4472,4476
4473,4475
4474,4471
4475,4473
4476,4472
4477,4479
4478,4480
4479,4477
4480,4481
4481,4478
4482,4483
4483,4482
4484,4485
4485,4488
4486,4489
4487,4487
4488,4484
4489,4486
4490,4491
4491,4494
4492,4497
4493,4492
4494,4495
4495,4496
4496,4490
4497,4493
4498,4499
4499,4500
4500,4504
4501,4505
4502,4503
4503,4506
4504,4498
4505,4502
4506,4501
4507,4508
4508,4511
4509,4515
4510,4513
4511,4514
4512,4507
4513,4510
4514,4509
4515,4512
